{"train_runtime":8386.593,"train_steps_per_second":0.014,"_timestamp":1.745897778400047e+09,"_runtime":8385.775444623,"train/grad_norm":1.4122714244569712,"train/global_step":119,"train_samples_per_second":1.817,"_step":119,"train/epoch":0.4994753410283316,"_wandb":{"runtime":8426},"total_flos":3.274275405824e+13,"train_loss":0.1539176769492005,"train/loss":0.0711,"train/learning_rate":3.731187380893175e-11}