{"train_runtime":12510.619,"train_steps_per_second":0.014,"total_flos":4.578652315648e+13,"_wandb":{"runtime":12510},"train/epoch":0.5,"train/loss":0.0572,"train_loss":0.12479313906658901,"_runtime":12509.688430486,"train/global_step":178,"train_samples_per_second":1.82,"_step":178,"train/grad_norm":1.5309325494009705,"_timestamp":1.7458839198860261e+09,"train/learning_rate":1.6680181886352673e-11}